region,amino_acid,position,ddg_REU,effect
linker,NVA,L390,-3.951,stabilizing
linker,NVA,L391,-3.751,stabilizing
linker,NVA,L390+L391,-6.090,stabilizing
linker,VAL,L390,-4.905,stabilizing
linker,VAL,L391,2.418,mildly_destabilizing
linker,VAL,L390+L391,-2.403,stabilizing
linker,ILE,L390,65.519,severe_destabilization
linker,ILE,L391,7.318,destabilizing
linker,ILE,L390+L391,72.800,severe_destabilization
linker,AIB,L390,5.700,destabilizing
linker,AIB,L391,18.573,destabilizing
linker,AIB,L390+L391,25.364,destabilizing
linker,NLE,L390,ERROR,rotamer_library_missing
linker,NLE,L391,ERROR,rotamer_library_missing
linker,NLE,L390+L391,ERROR,rotamer_library_missing
linker,ABA,L390,ERROR,rotamer_library_missing
linker,ABA,L391,ERROR,rotamer_library_missing
linker,ABA,L390+L391,ERROR,rotamer_library_missing
linker,B3A,L390,N/A,backbone_incompatible
linker,B3A,L391,N/A,backbone_incompatible
linker,B3A,L390+L391,N/A,backbone_incompatible
sbd,NVA,A429,-2.578,stabilizing
sbd,NVA,A435,5.354,destabilizing
sbd,NVA,A429+A435,2.776,mildly_destabilizing
sbd,VAL,A429,52.115,severe_destabilization
sbd,VAL,A435,27.256,severe_destabilization
sbd,VAL,A429+A435,79.372,severe_destabilization
sbd,ILE,A429,108.675,extreme_destabilization
sbd,ILE,A435,409.291,extreme_destabilization
sbd,ILE,A429+A435,517.966,extreme_destabilization
sbd,AIB,A429,7.899,destabilizing
sbd,AIB,A435,113.746,severe_destabilization
sbd,AIB,A429+A435,121.645,severe_destabilization
sbd,NLE,A429,ERROR,rotamer_library_missing
sbd,NLE,A435,ERROR,rotamer_library_missing
sbd,NLE,A429+A435,ERROR,rotamer_library_missing
sbd,ABA,A429,ERROR,rotamer_library_missing
sbd,ABA,A435,ERROR,rotamer_library_missing
sbd,ABA,A429+A435,ERROR,rotamer_library_missing
sbd,B3A,A429,N/A,backbone_incompatible
sbd,B3A,A435,N/A,backbone_incompatible
sbd,B3A,A429+A435,N/A,backbone_incompatible
